{
  "center": [59.93912, 30.31562],
  "zoom": 20
}
